{
	"general": {
		"disable_mod": false,
		"hide_bossbar": true,
		"shadow_text": true,
		"auto_start": false,
		"animationSpeed": 1.0,
		"always_show_ping": false,
		"hide_debug_crosshair": false,
		"background_color": 1867534416,
		"space_modules": false,
		"always_show_profiler": false,
		"animations": false,
		"fontScale": 1.0,
		"hide_sidebar": true,
		"always_show_tps": false
	},
	"modules_right": [],
	"modules_left": [
		{
			"name": "minecraft",
			"name_color": 16777215,
			"value_color": 16777215,
			"lines": {
				"minecraft": true
			},
			"enabled": true
		}, 
		{
			"empty_lines": 1,
			"name": "empty",
			"lines": {
				"nothing": true
			},
			"enabled": true
		}, 
		{
			"color_high": 16777045,
			"color_med": 16777045,
			"name": "fps",
			"lines": {
				"fps": true
			},
			"enabled": true,
			"color_low": 16777045
		}, 
		{
			"empty_lines": 1,
			"name": "empty",
			"lines": {
				"nothing": true
			},
			"enabled": true
		}, 
		{
			"color_x": 16733525,
			"color_y": 5635925,
			"color_z": 5636095,
			"name": "coords",
			"name_color": 16733525,
			"lines": {
				"chunk_coords": false,
				"player_coords": true,
				"block_coords": false,
				"velocity": false,
				"chunk_relative_coords": false,
				"abs_velocity": false
			},
			"enabled": true
		}, 
		{
			"empty_lines": 1,
			"name": "empty",
			"lines": {
				"nothing": true
			},
			"enabled": true
		}, 
		{
			"name": "chunks",
			"chunks_disabled_color": 16733525,
			"name_color": 43775,
			"value_color": 16777045,
			"total_chunks_color": 16755200,
			"lines": {
				"chunk_file": false,
				"available_buffers": false,
				"loaded_chunks_server": false,
				"forceloaded_chunks": false,
				"chunk_culling": false,
				"pending_uploads": false,
				"pending_chunks": false,
				"loaded_chunks": false,
				"spawn_chunks": false,
				"client_chunk_cache": false,
				"chunk_sections": false
			},
			"chunks_enabled_color": 5635925,
			"enabled": false
		}, 
		{
			"name": "location",
			"name_color": 16777215,
			"value_color": 16777215,
			"lines": {
				"light": true,
				"biome": true,
				"rotation": false,
				"facing": true,
				"slime_chunk": true,
				"local_difficulty": false,
				"day_ticks": true,
				"days_played": true,
				"dimension": false,
				"highest_block": false,
				"highest_block_server": false,
				"light_server": false
			},
			"enabled": true
		}, 
		{
			"empty_lines": 1,
			"name": "empty",
			"lines": {
				"nothing": true
			},
			"enabled": true
		}, 
		{
			"name": "entity",
			"name_color": 16733525,
			"value_color": 16777045,
			"total_entities_color": 16777045,
			"lines": {
				"entities": true,
				"water_creature": false,
				"underground_water_creature": true,
				"ambient": false,
				"particles": false,
				"axolotls": true,
				"creature": true,
				"water_ambient": false,
				"monster": true,
				"misc": false
			},
			"enabled": true
		}, 
		{
			"maximum_color": 43690,
			"name": "sound",
			"name_color": 16755200,
			"value_color": 5636095,
			"lines": {
				"ambient_sounds": false,
				"sounds": false,
				"mood": false
			},
			"enabled": false
		}
	]
}